{
  "setupname": "Setup_10_2024.sam",
  "groupname": "SpatLab",
  "groupdescription": "Seated listening position in centre of speaker array.",
  "roomdimensions": [
    5.9,
    5.8,
    2.7
  ],
  "micsn": "209803",
  "glmversion": "5.1.1 [17 Jul 2024 4:47pm]",
  "date": "2024-10-30",
  "time": "12:42:58",
  "nmultipoint": 0,
  "adapter": {
    "model": "9300-416",
    "name": "GLM Adapter",
    "serial": "-",
    "fw": "GLM Adapter 0 0.0.137 1.3.2.5053",
    "hw": "-"
  },
  "speakers": [
    {
      "uid": "1098836",
      "name": "Left 8330A",
      "model": "8330A",
      "type": "mon",
      "generation": "TwowayGen2",
      "splcategory": "",
      "firmwareversion": "1.12.1.5027",
      "sn": "8330AP71012029",
      "levelsweep": 0.0,
      "sympair": 4,
      "subpair": 0,
      "groupdelaycompensation": 0
    },
    {
      "uid": "1099720",
      "name": "Right 8330A",
      "model": "8330A",
      "type": "mon",
      "generation": "TwowayGen2",
      "splcategory": "",
      "firmwareversion": "1.12.1.5027",
      "sn": "8330AP71012142",
      "levelsweep": 0.0,
      "sympair": 4,
      "subpair": 0,
      "groupdelaycompensation": 0
    },
    {
      "uid": "1098833",
      "name": "Surround Left 8330A",
      "model": "8330A",
      "type": "mon",
      "generation": "TwowayGen2",
      "splcategory": "",
      "firmwareversion": "1.12.1.5027",
      "sn": "8330AP71012014",
      "levelsweep": 0.0,
      "sympair": 6,
      "subpair": 0,
      "groupdelaycompensation": 0
    },
    {
      "uid": "1099713",
      "name": "Surround Right 8330A",
      "model": "8330A",
      "type": "mon",
      "generation": "TwowayGen2",
      "splcategory": "",
      "firmwareversion": "1.12.1.5027",
      "sn": "8330AP71012247",
      "levelsweep": 0.0,
      "sympair": 6,
      "subpair": 0,
      "groupdelaycompensation": 0
    },
    {
      "uid": "1098828",
      "name": "Left 8330A",
      "model": "8330A",
      "type": "mon",
      "generation": "TwowayGen2",
      "splcategory": "",
      "firmwareversion": "1.12.1.5027",
      "sn": "8330AP71012028",
      "levelsweep": 0.0,
      "sympair": 8,
      "subpair": 0,
      "groupdelaycompensation": 0
    },
    {
      "uid": "1098827",
      "name": "Right 8330A",
      "model": "8330A",
      "type": "mon",
      "generation": "TwowayGen2",
      "splcategory": "",
      "firmwareversion": "1.12.1.5027",
      "sn": "8330AP71012027",
      "levelsweep": 0.0,
      "sympair": 8,
      "subpair": 0,
      "groupdelaycompensation": 0
    },
    {
      "uid": "1099725",
      "name": "Left 8330A",
      "model": "8330A",
      "type": "mon",
      "generation": "TwowayGen2",
      "splcategory": "",
      "firmwareversion": "1.12.1.5027",
      "sn": "8330AP71012243",
      "levelsweep": 0.0,
      "sympair": 9,
      "subpair": 0,
      "groupdelaycompensation": 0
    },
    {
      "uid": "1098815",
      "name": "Right 8330A",
      "model": "8330A",
      "type": "mon",
      "generation": "TwowayGen2",
      "splcategory": "",
      "firmwareversion": "1.12.1.5027",
      "sn": "8330AP71011879",
      "levelsweep": 0.0,
      "sympair": 9,
      "subpair": 0,
      "groupdelaycompensation": 0
    },
    {
      "uid": "1099711",
      "name": "Surround Left 8330A",
      "model": "8330A",
      "type": "mon",
      "generation": "TwowayGen2",
      "splcategory": "",
      "firmwareversion": "1.12.1.5027",
      "sn": "8330AP71012245",
      "levelsweep": 0.0,
      "sympair": 14,
      "subpair": 0,
      "groupdelaycompensation": 0
    },
    {
      "uid": "1098834",
      "name": "Surround Right 8330A",
      "model": "8330A",
      "type": "mon",
      "generation": "TwowayGen2",
      "splcategory": "",
      "firmwareversion": "1.12.1.5027",
      "sn": "8330AP71012016",
      "levelsweep": 0.0,
      "sympair": 14,
      "subpair": 0,
      "groupdelaycompensation": 0
    },
    {
      "uid": "1099715",
      "name": "Rear Left 8330A",
      "model": "8330A",
      "type": "mon",
      "generation": "TwowayGen2",
      "splcategory": "",
      "firmwareversion": "1.12.1.5027",
      "sn": "8330AP71012235",
      "levelsweep": 0.0,
      "sympair": 15,
      "subpair": 0,
      "groupdelaycompensation": 0
    },
    {
      "uid": "1098818",
      "name": "Rear Right 8330A",
      "model": "8330A",
      "type": "mon",
      "generation": "TwowayGen2",
      "splcategory": "",
      "firmwareversion": "1.12.1.5027",
      "sn": "8330AP71012020",
      "levelsweep": 0.0,
      "sympair": 15,
      "subpair": 0,
      "groupdelaycompensation": 0
    },
    {
      "uid": "1098817",
      "name": "Left 8330A",
      "model": "8330A",
      "type": "mon",
      "generation": "TwowayGen2",
      "splcategory": "",
      "firmwareversion": "1.12.1.5027",
      "sn": "8330AP71011877",
      "levelsweep": 0.0,
      "sympair": 18,
      "subpair": 0,
      "groupdelaycompensation": 0
    },
    {
      "uid": "1099709",
      "name": "Right 8330A",
      "model": "8330A",
      "type": "mon",
      "generation": "TwowayGen2",
      "splcategory": "",
      "firmwareversion": "1.12.1.5027",
      "sn": "8330AP71012236",
      "levelsweep": 0.0,
      "sympair": 18,
      "subpair": 0,
      "groupdelaycompensation": 0
    },
    {
      "uid": "1099708",
      "name": "Surround Left 8330A",
      "model": "8330A",
      "type": "mon",
      "generation": "TwowayGen2",
      "splcategory": "",
      "firmwareversion": "1.12.1.5027",
      "sn": "8330AP71012234",
      "levelsweep": 0.0,
      "sympair": 24,
      "subpair": 0,
      "groupdelaycompensation": 0
    },
    {
      "uid": "1099723",
      "name": "Surround Right 8330A",
      "model": "8330A",
      "type": "mon",
      "generation": "TwowayGen2",
      "splcategory": "",
      "firmwareversion": "1.12.1.5027",
      "sn": "8330AP71012242",
      "levelsweep": 0.0,
      "sympair": 24,
      "subpair": 0,
      "groupdelaycompensation": 0
    },
    {
      "uid": "1098759",
      "name": "Right 7350A",
      "model": "7350A",
      "type": "sub",
      "generation": "SubwooferGen2",
      "splcategory": "",
      "firmwareversion": "1.12.1.5027",
      "sn": "7350APM71002561",
      "levelsweep": 0.0,
      "sympair": 0,
      "subpair": 0,
      "groupdelaycompensation": 0
    }
  ]
}