{
  "setupname": "Setup-10-07-2023.sam",
  "groupname": "Spatial Audio 16.1",
  "groupdescription": "30/08/2022. Sitting position in centre of speaker array",
  "roomdimensions": [
    5.9,
    5.8,
    2.7
  ],
  "micsn": "209803",
  "glmversion": "4.2.2",
  "date": "2023-10-24",
  "time": "17:30:32",
  "nmultipoint": 0,
  "speakers": [
    {
      "uid": "1098759",
      "name": "Center 7350A",
      "model": "7350A",
      "type": "sub",
      "generation": "SubwooferGen2",
      "splcategory": "",
      "firmwareversion": "1.12.1.5027",
      "sn": "7350APM71002561",
      "levelsweep": 0.0,
      "sympair": 0,
      "subpair": 0,
      "groupdelaycompensation": 0
    },
    {
      "uid": "1099725",
      "name": "Left 8330A",
      "model": "8330A",
      "type": "mon",
      "generation": "TwowayGen2",
      "splcategory": "",
      "firmwareversion": "1.12.1.5027",
      "sn": "8330AP71012243",
      "levelsweep": 0.0,
      "sympair": 0,
      "subpair": 0,
      "groupdelaycompensation": 0
    },
    {
      "uid": "1098815",
      "name": "Right 8330A",
      "model": "8330A",
      "type": "mon",
      "generation": "TwowayGen2",
      "splcategory": "",
      "firmwareversion": "1.12.1.5027",
      "sn": "8330AP71011879",
      "levelsweep": 0.0,
      "sympair": 0,
      "subpair": 0,
      "groupdelaycompensation": 0
    },
    {
      "uid": "1099723",
      "name": "Surround Right 8330A",
      "model": "8330A",
      "type": "mon",
      "generation": "TwowayGen2",
      "splcategory": "",
      "firmwareversion": "1.12.1.5027",
      "sn": "8330AP71012242",
      "levelsweep": 0.0,
      "sympair": 0,
      "subpair": 0,
      "groupdelaycompensation": 0
    },
    {
      "uid": "1098827",
      "name": "Right 8330A",
      "model": "8330A",
      "type": "mon",
      "generation": "TwowayGen2",
      "splcategory": "",
      "firmwareversion": "1.12.1.5027",
      "sn": "8330AP71012027",
      "levelsweep": 0.0,
      "sympair": 0,
      "subpair": 0,
      "groupdelaycompensation": 0
    },
    {
      "uid": "1099709",
      "name": "Right 8330A",
      "model": "8330A",
      "type": "mon",
      "generation": "TwowayGen2",
      "splcategory": "",
      "firmwareversion": "1.12.1.5027",
      "sn": "8330AP71012236",
      "levelsweep": 0.0,
      "sympair": 0,
      "subpair": 0,
      "groupdelaycompensation": 0
    },
    {
      "uid": "1099713",
      "name": "Surround Right 8330A",
      "model": "8330A",
      "type": "mon",
      "generation": "TwowayGen2",
      "splcategory": "",
      "firmwareversion": "1.12.1.5027",
      "sn": "8330AP71012247",
      "levelsweep": 0.0,
      "sympair": 0,
      "subpair": 0,
      "groupdelaycompensation": 0
    },
    {
      "uid": "1098834",
      "name": "Surround Right 8330A",
      "model": "8330A",
      "type": "mon",
      "generation": "TwowayGen2",
      "splcategory": "",
      "firmwareversion": "1.12.1.5027",
      "sn": "8330AP71012016",
      "levelsweep": 0.0,
      "sympair": 0,
      "subpair": 0,
      "groupdelaycompensation": 0
    },
    {
      "uid": "1098818",
      "name": "Rear Right 8330A",
      "model": "8330A",
      "type": "mon",
      "generation": "TwowayGen2",
      "splcategory": "",
      "firmwareversion": "1.12.1.5027",
      "sn": "8330AP71012020",
      "levelsweep": 0.0,
      "sympair": 0,
      "subpair": 0,
      "groupdelaycompensation": 0
    },
    {
      "uid": "1099720",
      "name": "Right 8330A",
      "model": "8330A",
      "type": "mon",
      "generation": "TwowayGen2",
      "splcategory": "",
      "firmwareversion": "1.12.1.5027",
      "sn": "8330AP71012142",
      "levelsweep": 0.0,
      "sympair": 0,
      "subpair": 0,
      "groupdelaycompensation": 0
    },
    {
      "uid": "1099711",
      "name": "Surround Left 8330A",
      "model": "8330A",
      "type": "mon",
      "generation": "TwowayGen2",
      "splcategory": "",
      "firmwareversion": "1.12.1.5027",
      "sn": "8330AP71012245",
      "levelsweep": 0.0,
      "sympair": 0,
      "subpair": 0,
      "groupdelaycompensation": 0
    },
    {
      "uid": "1099715",
      "name": "Rear Left 8330A",
      "model": "8330A",
      "type": "mon",
      "generation": "TwowayGen2",
      "splcategory": "",
      "firmwareversion": "1.12.1.5027",
      "sn": "8330AP71012235",
      "levelsweep": 0.0,
      "sympair": 0,
      "subpair": 0,
      "groupdelaycompensation": 0
    },
    {
      "uid": "1098833",
      "name": "Surround Left 8330A",
      "model": "8330A",
      "type": "mon",
      "generation": "TwowayGen2",
      "splcategory": "",
      "firmwareversion": "1.12.1.5027",
      "sn": "8330AP71012014",
      "levelsweep": 0.0,
      "sympair": 0,
      "subpair": 0,
      "groupdelaycompensation": 0
    },
    {
      "uid": "1098817",
      "name": "Left 8330A",
      "model": "8330A",
      "type": "mon",
      "generation": "TwowayGen2",
      "splcategory": "",
      "firmwareversion": "1.12.1.5027",
      "sn": "8330AP71011877",
      "levelsweep": 0.0,
      "sympair": 0,
      "subpair": 0,
      "groupdelaycompensation": 0
    },
    {
      "uid": "1099708",
      "name": "Surround Left 8330A",
      "model": "8330A",
      "type": "mon",
      "generation": "TwowayGen2",
      "splcategory": "",
      "firmwareversion": "1.12.1.5027",
      "sn": "8330AP71012234",
      "levelsweep": 0.0,
      "sympair": 0,
      "subpair": 0,
      "groupdelaycompensation": 0
    },
    {
      "uid": "1098828",
      "name": "Left 8330A",
      "model": "8330A",
      "type": "mon",
      "generation": "TwowayGen2",
      "splcategory": "",
      "firmwareversion": "1.12.1.5027",
      "sn": "8330AP71012028",
      "levelsweep": 0.0,
      "sympair": 0,
      "subpair": 0,
      "groupdelaycompensation": 0
    },
    {
      "uid": "1098836",
      "name": "Left 8330A",
      "model": "8330A",
      "type": "mon",
      "generation": "TwowayGen2",
      "splcategory": "",
      "firmwareversion": "1.12.1.5027",
      "sn": "8330AP71012029",
      "levelsweep": 0.0,
      "sympair": 0,
      "subpair": 0,
      "groupdelaycompensation": 0
    }
  ]
}